name,email,userId,classId,role
李思玥,lisiyue9916@gmail.com,10010101 ,,admin
朱雅雯,zhuyawen@nwnu.edu.cn,4582 ,,admin
赵雅洁,543027261@qq.com,202422040688,,assistant_tech
冯琦,15831993832@163.com,202421040561,2 ,assistant_class
吕保侦,lyubaozhen@163.com,2023220556 ,,assistant_tech
曹守苑,15094796735@163.com,2023210442 ,,assistant_tech
张佳佳,2591831499@qq.com,202421040620,1 ,assistant_class
敬丹萤,24604502@qq.com,202511040179,3 ,assistant_class
曹睿,983743956@qq.com,202422040635,,assistant_tech
李俊松,1293846803@qq.com,202421040503,,assistant_tech
李玉涵,1598303516@qq.com,2023220570 ,,assistant_tech
刘语晗,bluestone630@126.com,202511040202,,assistant_tech
杨惠茹,yanghuihuir@163.com,202421040610,3 ,student
袁俊伟,2801694493@qq.com,2023220551 ,3 ,student
史晓蓓,2019880029@qq.com,20242140593 ,3 ,student
陈书茵,chenshuyin_gz@163.com,202421040556,3 ,student
陈玉红,kelly_chen294@163.com,202421040557,3 ,student
郭鑫艺,2675445078@qq.com,202421040567,3 ,student
罗雨欣,lyx01070422@163.com,202421040586,3 ,student
关睿,1627082902@qq.com,202421040564,3 ,student
张凯跃,zky1069475627@163.com,202421040622,3 ,student
杜睿,2622997808@qq.com,202421040559,3 ,student
谢思危,863315389@qq.com,2023220575 ,3 ,student
韩雪,2429241813@qq.com,202421040569,3 ,student
谢鑫,1360480993@qq.com,202421040496,3 ,student
孙晓宇,1610709705@qq.com,202421040595,3 ,student
王蝶,2386559748@qq.com,202421040600,3 ,student
李世丹,Lishidandd@163.com,202421040524,3 ,student
唐蕊蕊,2565666215@qq.com,202421040535,3 ,student
王雪梅,2394459367@qq.com,202421040538,3 ,student
李云静,Nian258024@163.com,202421040477,3 ,student
王凤琴,fengqin90924@163.com,202421040536,3 ,student
张凯丽,1776674009@qq.com,202421040621,3 ,student
李妍,2281497201@qq.com,202421040527,3 ,student
侯垚卿,chrishou123@163.com,202422040645,3 ,student
唐明华,1807203476@qq.com,202422040667,3 ,student
高翠,1280968942@qq.com,202421040562,3 ,student
毛盼婷,3190442719@qq.com,202421040481,3 ,student
刘浩龙,934917303@qq.com,202421040478,3 ,student
王旭龙,1924652026@qq.com,202421040604,3 ,student
李智妮,2412850707@qq.com,202421040526,3 ,student
张倩,zhangqian4262@163.com,202421040627,3 ,student
张羽,you0429@163.com,202422040683,3 ,student
杨舒婷,1527720754@qq.com,202421040614,3 ,student
张佳佳,2591831499@qq.com,202421040620,3 ,student
冯琦,15831993832@163.com,202421040561,3 ,student
刘睿,2436278400@qq.com,202421040584,3 ,student
刘甜倩,2063182835@qq.co m,202421040530,3 ,student
南璐,1626750340@qq.com,202421040532,3 ,student
梁婷,18235023423@163.com,2023210437 ,3 ,student
张婵玉,2084691684 @qq.com,202421040508,3 ,student
李欣励,799192113@qq.com,2023210438 ,3 ,student
黄简开,417107316@qq.com,202421040571,3 ,student
朱宏,simslike@qq.com,202422040691,3 ,student
刘蓉蓉,879126746@qq.com,202421040529,3 ,student
田贵芸,2796228142@qq.com,202421040598,3 ,student
刘延姿,948670123@qq.com,202330403227,2 ,student
罗佳晨,1943408048@qq.com,202330403230,2 ,student
罗豆豆,fiee_1009@qq.com,202330403229,2 ,student
洪磊,honglei_0726@qq.com,202330403217,2 ,student
魏文君,2569195783@qq.com,202330403245,2 ,student
崔小宁,2097353407@qq.com,202330403204,2 ,student
崔佳琦,2301883693@qq.com,202330403203,2 ,student
吴文娟,2310510286@qq.com,202330403248,2 ,student
张鸿莲,3254428856@qq.com,202330403254,2 ,student
胡宇凡,3530044892@qq.com,202330403220,2 ,student
王文聪,3552135039@qq.com,202332309218,2 ,student
郭浩,1148776743@qq.com,202330403214,2 ,student
李世蓉,3216492930@qq.com,202330403223,2 ,student
孟瑶,3404196822@qq.com,202330403235,2 ,student
马玉梅,321784554@qq.com,202330403234,2 ,student
魏婧雯,wjw2006216@qq.com,202330403247,2 ,student
耿丽,1578998414@qq.com,202330403212,2 ,student
郭晶,3307037199@qq.com,202330403215,2 ,student
王楠,wsyzkl@qq.com,202330403244,2 ,student
赵娜,jijgw_6@qq.com,202330403257,2 ,student
朱紫嫣,zhuziyan0612@qq.com,202330403258,2 ,student
宋思佳,3554901478@qq.com,202330403238,2 ,student
吕艳霞,xz194138106@qq.com,202330403228,2 ,student
刘雅,2909937105@qq.com,202330403226,2 ,student
马娟,1075389679@qq.com,202330403231,2 ,student
张桢欣,982998143@qq.com,202330403256,2 ,student
王爱洁,2100872707@qq.com,202330403241,2 ,student
李佳妍,2319519657@qq.com,202330403222,2 ,student
孙佳欣,2811454405@qq.com,202330403240,2 ,student
施佳宜,3517461305@qq.com,202330403236,2 ,student
杜日斯娜,3089078028@qq.com,202330403208,2 ,student
马诺然,194237521@qq.com,202330403232,2 ,student
马星,2652148414@qq.com,202330403233,2 ,student
孙浩博,202330403239@nwnu.edu.cn,202330403239,2 ,student
杨雪,3536823179@qq.com,202330403251,2 ,student
方泳妍,2998648688@qq.com,202330403210,2 ,student
魏星海,2281036178@qq.com,202330403246,2 ,student
摆觐,648418647@qq.com,202330403101,1 ,student
陈宇婷,2084772700@qq.com,202330403102,1 ,student
古丽,3338077204@qq.com,202330403109,1 ,student
王紫荧,2312943119@qq.com,202330403144,1 ,student
李柏姿,2393174508@qq.com,202330403115,1 ,student
阮延,2411492544@qq.com,202330403134,1 ,student
马小兰,935525540@qq.com,202330403129,1 ,student
王逸然,3272258653@qq.com,202330403143,1 ,student
张文婷,3203193933@qq.com,202330403154,1 ,student
李调宁,3250587128@qq.com,202330403116,1 ,student
黄晓语,2024476193@qq.com,202330403111,1 ,student
李吉祥,3209235396@qq.com,202330403118,1 ,student
马嫒嫒,672203273@qq.com,202330403132,1 ,student
臧舒颖,3521274665@qq.com,202330403159,1 ,student
韩博炜,2670298125@qq.com,202330403110,1 ,student
苟菊燕,2447684901@qq.com,202330403108,1 ,student
张桂晶,2169991774@qq.com,202330403152,1 ,student
游凤仪,2139359136@qq.com,202330403150,1 ,student
李雪儿,3545286862@qq.com,202330403122,1 ,student
谢茹新,3531152863@qq.com,202330403147,1 ,student
马政,2973364693@qq.com,202330403131,1 ,student
陈婷婷,3516213208@qq.com,202330403103,1 ,student
李梦涵,2492734735@qq.com,202330403120,1 ,student
王嘉怡,3360716196@qq.com,202330403138,1 ,student
丁芸,2974352047@qq.com,202330403104,1 ,student
李彦臻,2703484025@qq.com,202330403123,1 ,student
张媛圆,3291421863@qq.com,202330403157,1 ,student
马安心,3641735468@qq.com,202330403127,1 ,student
余祥萍,2118856542@qq.com,202330403151,1 ,student
杨高丽,ygl1032207770@qq.com,202330403149,1 ,student
马宇,1556469156@qq.com,202330403130,1 ,student
向蓝蓝,1580883121@qq.com,202330403146,1 ,student
马世荣,3265691757@qq.com,202331803113,1 ,student
